Matrice;Feature;TypePredominante;taux
Comparison_of_Asian_national_space_programs - Timeline of national firsts;Date;StringValue;1.0
Comparison_of_Asian_national_space_programs - Timeline of national firsts;Nation;StringValue;0.9736842105263158
Comparison_of_Asian_national_space_programs - Timeline of national firsts;World achievements;StringValue;0.875
Comparison_of_Asian_national_space_programs - Timeline of national firsts;Name;StringValue;0.9487179487179487
Comparison_of_Asian_national_space_programs - Timeline of national firsts;The firsts in Asia;StringValue;0.717948717948718
Comparison_of_Asian_national_space_programs - Other achievements ;First success;StringValue;0.875
Comparison_of_Asian_national_space_programs - Other achievements ;GTO / GEO;Conditional;1.0
Comparison_of_Asian_national_space_programs - Other achievements ;Notes;StringValue;0.6
Comparison_of_Asian_national_space_programs - Other achievements ;LEO;Conditional;1.0
Comparison_of_Asian_national_space_programs - Comparison of key technologies ;Solar Space Missions;StringValue;0.75
Comparison_of_Asian_national_space_programs - Comparison of key technologies ;Satellite navigation system;StringValue;1.0
Comparison_of_Asian_national_space_programs - Comparison of key technologies ;Space observatories;StringValue;1.0
Comparison_of_Asian_national_space_programs - Comparison of key technologies ;Martian missions;Conditional;1.0
Comparison_of_Asian_national_space_programs - Comparison of key technologies ;Nation;StringValue;1.0
Comparison_of_Asian_national_space_programs - Comparison of key technologies ;Multi-satellite simultaneous launches;StringValue;1.0
Comparison_of_Asian_national_space_programs - Comparison of key technologies ;Launch of foreign satellite;StringValue;1.0
Comparison_of_Asian_national_space_programs - Comparison of key technologies ;Atmos- pheric reentry;StringValue;1.0
Comparison_of_Asian_national_space_programs - Comparison of key technologies ;Rendezvous dockings in orbit;StringValue;1.0
Comparison_of_Asian_national_space_programs - Comparison of key technologies ;Geostationary launches;Conditional;1.0
Comparison_of_Asian_national_space_programs - Comparison of key technologies ;Data relay satellites;StringValue;1.0
Comparison_of_Asian_national_space_programs - Orbital Launch Frequency ;Total;IntegerValue;1.0
Comparison_of_Asian_national_space_programs - Orbital Launch Frequency ;North Korea;IntegerValue;1.0
Comparison_of_Asian_national_space_programs - Orbital Launch Frequency ;China;IntegerValue;1.0
Comparison_of_Asian_national_space_programs - Orbital Launch Frequency ;India;IntegerValue;1.0
Comparison_of_Asian_national_space_programs - Orbital Launch Frequency ;Israel;IntegerValue;1.0
Comparison_of_Asian_national_space_programs - Orbital Launch Frequency ;Japan;IntegerValue;1.0
Comparison_of_Asian_national_space_programs - Orbital Launch Frequency ;South Korea;IntegerValue;1.0
Comparison_of_Asian_national_space_programs - Orbital Launch Frequency ;Iran;IntegerValue;1.0
Comparison_of_assemblers - 6502 assemblers;Instruction set;StringValue;0.8367346938775511
Comparison_of_assemblers - 6502 assemblers;Host platform;StringValue;1.0
Comparison_of_assemblers - 6502 assemblers;Assembler;StringValue;0.96
Comparison_of_assemblers - 6502 assemblers;License;StringValue;1.0
Comparison_of_assemblers - 680x0 assemblers;License;StringValue;1.0
Comparison_of_assemblers - 680x0 assemblers;Host platform;StringValue;1.0
Comparison_of_assemblers - 680x0 assemblers;Open source;BooleanValue;1.0
Comparison_of_assemblers - 680x0 assemblers;Assembler;StringValue;1.0
Comparison_of_assemblers - 680x0 assemblers;Instruction set;StringValue;1.0
Comparison_of_assemblers - 680x0 assemblers;Active Development;BooleanValue;1.0
Comparison_of_assemblers - ARM assemblers;Host platform;StringValue;1.0
Comparison_of_assemblers - ARM assemblers;Instruction set;StringValue;1.0
Comparison_of_assemblers - ARM assemblers;Assembler;StringValue;1.0
Comparison_of_assemblers - ARM assemblers;License;StringValue;1.0
Comparison_of_assemblers - IBM mainframe assemblers;Host platform;StringValue;0.6875
Comparison_of_assemblers - IBM mainframe assemblers;Assembler;StringValue;1.0
Comparison_of_assemblers - IBM mainframe assemblers;License;StringValue;1.0
Comparison_of_assemblers - IBM mainframe assemblers;Instruction set;StringValue;0.6111111111111112
Comparison_of_assemblers - Power Architecture assemblers;License;StringValue;1.0
Comparison_of_assemblers - Power Architecture assemblers;Instruction set;StringValue;1.0
Comparison_of_assemblers - Power Architecture assemblers;Host platform;StringValue;1.0
Comparison_of_assemblers - Power Architecture assemblers;Assembler;StringValue;1.0
Comparison_of_assemblers - x86 assemblers;Active Development;BooleanValue;0.64
Comparison_of_assemblers - x86 assemblers;Assembler;StringValue;1.0
Comparison_of_assemblers - x86 assemblers;Open source;BooleanValue;1.0
Comparison_of_assemblers - x86 assemblers;License;StringValue;1.0
Comparison_of_assemblers - x86 assemblers;OS;StringValue;0.9066666666666666
Comparison_of_assemblers - x86 assemblers;x86-64;BooleanValue;0.896551724137931
Comparison_of_assemblers - Other architectures;GPASM;StringValue;1.0
Comparison_of_assemblers - Other architectures;MACRO-11;StringValue;1.0
Comparison_of_assemblers - Other architectures;MAP (Macro Assembly Program);StringValue;1.0
Comparison_of_assemblers - Other architectures;Symbolic Programming System (SPS);StringValue;1.0
Comparison_of_assemblers - Other architectures;MACRO-10;StringValue;1.0
Comparison_of_assemblers - Other architectures;ID3E;StringValue;1.0
Comparison_of_assemblers - Other architectures;MRS;StringValue;1.0
Comparison_of_assemblers - Other architectures;COMPASS;StringValue;1.0
Comparison_of_assemblers - Other architectures;MetaSymbol;StringValue;1.0
Comparison_of_assemblers - Other architectures;MIPS;StringValue;1.0
Comparison_of_assemblers - Other architectures;Assembler;StringValue;1.0
Comparison_of_assemblers - Other architectures;FAP (Fortran Assembly Program);StringValue;1.0
Comparison_of_assemblers - Other architectures;vasm;StringValue;1.0
Comparison_of_assemblers - Other architectures;ASMB, ASBL, NSBL - Numeric op codes, used for 190;StringValue;1.0
Comparison_of_assemblers - Other architectures;ALM (Assembly Language for Multics);StringValue;1.0
Comparison_of_assemblers - Other architectures;GINerator mnemonic opcodes , used for GEORGE_(ope;StringValue;1.0
Comparison_of_assemblers - Other architectures;Babbage;StringValue;1.0
Comparison_of_assemblers - Other architectures;MPW IIgs Assembler;StringValue;1.0
Comparison_of_assemblers - Other architectures;SOAP (Symbolic Optimal Assembly Program);StringValue;1.0
Comparison_of_assemblers - Other architectures;ASEM-51;StringValue;0.6666666666666666
Comparison_of_assemblers - Other architectures;PASMO;StringValue;1.0
Comparison_of_assemblers - Other architectures;MACRO-32;StringValue;1.0
Comparison_of_assemblers - Other architectures;Autocoder;StringValue;1.0
Comparison_of_ATI_chipsets - Comparison of Northbridges;Model;StringValue;0.6363636363636364
Comparison_of_ATI_chipsets - Comparison of Northbridges;Fabrication process (nm);IntegerValue;1.0
Comparison_of_ATI_chipsets - Comparison of Northbridges;Processors Supported;StringValue;0.9487179487179487
Comparison_of_ATI_chipsets - Comparison of Northbridges;Crossfire Enabled;BooleanValue;0.8333333333333334
Comparison_of_ATI_chipsets - Comparison of Northbridges;Features;StringValue;0.9333333333333333
Comparison_of_ATI_chipsets - Comparison of Northbridges;Codename;StringValue;1.0
Comparison_of_ATI_chipsets - Comparison of Northbridges;FSB/HT Frequency (MHz);StringValue;0.7142857142857143
Comparison_of_ATI_chipsets - Comparison of Northbridges;Southbridge;StringValue;0.9375
Comparison_of_ATI_chipsets - Comparison of Northbridges;Notes;StringValue;1.0
Comparison_of_ATI_chipsets - Comparison of Northbridges;Year;StringValue;0.7272727272727273
Comparison_of_ATI_chipsets - Comparison of Northbridges;NB-SB Interface;StringValue;1.0
Comparison_of_ATI_chipsets - Comparison of Southbridges;Audio;StringValue;1.0
Comparison_of_ATI_chipsets - Comparison of Southbridges;IDE Channels (2 Devices/Channel);Conditional;0.5
Comparison_of_ATI_chipsets - Comparison of Southbridges;Codename;StringValue;1.0
Comparison_of_ATI_chipsets - Comparison of Southbridges;SATA Ports;IntegerValue;0.75
Comparison_of_ATI_chipsets - Comparison of Southbridges;Year;IntegerValue;1.0
Comparison_of_ATI_chipsets - Comparison of Southbridges;Fabrication process (nm);IntegerValue;1.0
Comparison_of_ATI_chipsets - Comparison of Southbridges;Model;StringValue;0.5625
Comparison_of_ATI_chipsets - Comparison of Southbridges;USB Ports;IntegerValue;0.625
Comparison_of_ATI_chipsets - Comparison of Southbridges;Notes;StringValue;0.8695652173913043
Comparison_of_ATI_chipsets - Comparison of Northbridges;Southbridge;StringValue;1.0
Comparison_of_ATI_chipsets - Comparison of Northbridges;Model;StringValue;0.8333333333333334
Comparison_of_ATI_chipsets - Comparison of Northbridges;FSB/QDR Frequency (MHz);IntegerValue;0.8947368421052632
Comparison_of_ATI_chipsets - Comparison of Northbridges;Fabrication process (nm);IntegerValue;0.875
Comparison_of_ATI_chipsets - Comparison of Northbridges;Codename;StringValue;1.0
Comparison_of_ATI_chipsets - Comparison of Northbridges;Crossfire Enabled;BooleanValue;0.6875
Comparison_of_ATI_chipsets - Comparison of Northbridges;Features;StringValue;0.8125
Comparison_of_ATI_chipsets - Comparison of Northbridges;Notes;StringValue;1.0
Comparison_of_ATI_chipsets - Comparison of Northbridges;Year;IntegerValue;0.6666666666666666
Comparison_of_ATI_chipsets - Comparison of Northbridges;NB-SB Interface;StringValue;1.0
Comparison_of_ATI_chipsets - Comparison of Northbridges;Processors Supported;StringValue;0.8666666666666667
Comparison_of_ATI_chipsets - Comparison of Southbridges;Year;IntegerValue;1.0
Comparison_of_ATI_chipsets - Comparison of Southbridges;Audio;StringValue;1.0
Comparison_of_ATI_chipsets - Comparison of Southbridges;Codename;StringValue;1.0
Comparison_of_ATI_chipsets - Comparison of Southbridges;Model;StringValue;0.8888888888888888
Comparison_of_ATI_chipsets - Comparison of Southbridges;SATA Ports;IntegerValue;0.5555555555555556
Comparison_of_ATI_chipsets - Comparison of Southbridges;Fabrication process (nm);IntegerValue;1.0
Comparison_of_ATI_chipsets - Comparison of Southbridges;USB Ports;IntegerValue;1.0
Comparison_of_ATI_chipsets - Comparison of Southbridges;IDE Channels (2 Devices/Channel);Conditional;0.7777777777777778
Comparison_of_ATI_chipsets - Comparison of Southbridges;Notes;StringValue;0.9642857142857143
Comparison_of_audio_formats - General information ;DRM;BooleanValue;0.8181818181818182
Comparison_of_audio_formats - General information ;Audio compression format;StringValue;0.8604651162790697
Comparison_of_audio_formats - General information ;Player cost;StringValue;0.975609756097561
Comparison_of_audio_formats - General information ;Application (besides consumer audio);StringValue;1.0
Comparison_of_audio_formats - General information ;Music reproduction (consumer audio);BooleanValue;0.9459459459459459
Comparison_of_audio_formats - General information ;Telephony app;BooleanValue;1.0
Comparison_of_audio_formats - General information ;Patented;StringValue;0.6666666666666666
Comparison_of_audio_formats - General information ;Open-source implementations (codecs);StringValue;0.6075949367088608
Comparison_of_audio_formats - General information ;Proprietary implementations (codecs);StringValue;0.9859154929577465
Comparison_of_audio_formats - General information ;First public release date;StringValue;0.475
Comparison_of_audio_formats - General information ;Creator;StringValue;0.9615384615384616
Comparison_of_audio_formats - General information ;Latest stable version;StringValue;0.5853658536585366
Comparison_of_audio_formats - General information ;Encoder cost;StringValue;0.975609756097561
Comparison_of_audio_formats - General information ;Lossless audio compression;BooleanValue;1.0
Comparison_of_audio_formats - Operating system support ;Symbian OS;BooleanValue;1.0
Comparison_of_audio_formats - Operating system support ;Rockbox;BooleanValue;1.0
Comparison_of_audio_formats - Operating system support ;GNU/Linux;BooleanValue;1.0
Comparison_of_audio_formats - Operating system support ;Unix;BooleanValue;1.0
Comparison_of_audio_formats - Operating system support ;Windows;BooleanValue;1.0
Comparison_of_audio_formats - Operating system support ;Codec;StringValue;0.9333333333333333
Comparison_of_audio_formats - Operating system support ;Android;BooleanValue;0.9333333333333333
Comparison_of_audio_formats - Operating system support ;Mac OS X;BooleanValue;1.0
Comparison_of_audio_formats - Operating system support ;Palm OS;BooleanValue;1.0
Comparison_of_audio_formats - Operating system support ;BSD;BooleanValue;1.0
Comparison_of_audio_formats - Multimedia frameworks support ;FFmpeg;BooleanValue;1.0
Comparison_of_audio_formats - Multimedia frameworks support ;DirectShow;Conditional;0.6571428571428571
Comparison_of_audio_formats - Multimedia frameworks support ;QuickTime;Conditional;0.6571428571428571
Comparison_of_audio_formats - Multimedia frameworks support ;ACM;Conditional;0.7714285714285715
Comparison_of_audio_formats - Multimedia frameworks support ;GStreamer;Conditional;0.8
Comparison_of_audio_formats - Multimedia frameworks support ;Audio compression format;StringValue;0.9714285714285714
Comparison_of_audio_formats - Technical details ;Algorithm;StringValue;0.9473684210526315
Comparison_of_audio_formats - Technical details ;Sample Rate;StringValue;0.8227848101265823
Comparison_of_audio_formats - Technical details ;Audio compression format;StringValue;0.8235294117647058
Comparison_of_audio_formats - Technical details ;Multichannel;BooleanValue;0.6451612903225806
Comparison_of_audio_formats - Technical details ;Bit rate;StringValue;0.8535031847133758
Comparison_of_audio_formats - Technical details ;VBR;BooleanValue;0.9354838709677419
Comparison_of_audio_formats - Technical details ;CBR;BooleanValue;0.9393939393939394
Comparison_of_audio_formats - Technical details ;Latency;StringValue;0.9032258064516129
Comparison_of_audio_formats - Technical details ;Stereo;BooleanValue;0.7419354838709677
Comparison_of_audio_formats - Technical details ;Latency;StringValue;0.6
Comparison_of_audio_formats - Technical details ;Bits per sample;StringValue;0.7368421052631579
Comparison_of_audio_formats - Technical details ;Sample Rate;StringValue;0.8666666666666667
Comparison_of_audio_formats - Technical details ;Audio compression format;StringValue;0.8571428571428571
Comparison_of_audio_formats - Technical details ;Multichannel;Conditional;1.0
Comparison_of_audio_formats - Technical details ;Algorithm;StringValue;1.0
Comparison_of_audio_formats - Technical details ;Stereo;BooleanValue;1.0
Comparison_of_audio_formats - Technical details ;Bit rate;StringValue;0.8658536585365854
Comparison_of_audio_formats - Technical details ;Latency;StringValue;0.9375
Comparison_of_audio_formats - Technical details ;VBR;BooleanValue;1.0
Comparison_of_audio_formats - Technical details ;Stereo;BooleanValue;0.9
Comparison_of_audio_formats - Technical details ;Algorithm;StringValue;0.9387755102040817
Comparison_of_audio_formats - Technical details ;Bits per sample;StringValue;0.9
Comparison_of_audio_formats - Technical details ;Sample Rate;StringValue;0.8695652173913043
Comparison_of_audio_formats - Technical details ;Multichannel;BooleanValue;0.95
Comparison_of_audio_formats - Technical details ;Audio compression format;StringValue;0.95
Comparison_of_audio_formats - Technical details ;CBR;BooleanValue;1.0
Comparison_of_audio_player_software - General;Name;StringValue;1.0
Comparison_of_audio_player_software - General;Based framework;StringValue;0.9130434782608695
Comparison_of_audio_player_software - General;Written in;StringValue;0.9090909090909091
Comparison_of_audio_player_software - General;Software license;StringValue;0.9736842105263158
Comparison_of_audio_player_software - General;stable version;Conditional;0.6888888888888889
Comparison_of_audio_player_software - General;Cost;StringValue;0.9736842105263158
Comparison_of_audio_player_software - General;First public release;StringValue;0.9710144927536232
Comparison_of_audio_player_software - General;Author;StringValue;1.0
Comparison_of_audio_player_software - Operating system compatibility;OS X;BooleanValue;0.90625
Comparison_of_audio_player_software - Operating system compatibility;Other Unix;BooleanValue;0.9696969696969697
Comparison_of_audio_player_software - Operating system compatibility;Linux;BooleanValue;0.9393939393939394
Comparison_of_audio_player_software - Operating system compatibility;Windows;BooleanValue;0.8787878787878788
Comparison_of_audio_player_software - Operating system compatibility;BSD Unix;BooleanValue;0.9696969696969697
Comparison_of_audio_player_software - Operating system compatibility;Solaris;BooleanValue;0.9696969696969697
Comparison_of_audio_player_software - Operating system compatibility;DOS;BooleanValue;0.9696969696969697
Comparison_of_audio_player_software - Operating system compatibility;iOS;BooleanValue;0.9696969696969697
Comparison_of_audio_player_software - Operating system compatibility;Audio player;StringValue;1.0
Comparison_of_audio_player_software - Operating system compatibility;Android;BooleanValue;0.9696969696969697
Comparison_of_audio_player_software - Optical media ability;Audio;NA;1.0
Comparison_of_audio_player_software - Optical media ability;Audio player;StringValue;1.0
Comparison_of_audio_player_software - Features;Skinnable;BooleanValue;0.875
Comparison_of_audio_player_software - Features;Media database;BooleanValue;0.96
Comparison_of_audio_player_software - Features;Gapless audio decoding;BooleanValue;0.95
Comparison_of_audio_player_software - Features;Outbound streaming;BooleanValue;0.8947368421052632
Comparison_of_audio_player_software - Features;Intelligent playlists from database (based on crit;BooleanValue;0.9
Comparison_of_audio_player_software - Features;Visualizer;BooleanValue;0.9166666666666666
Comparison_of_audio_player_software - Features;Audio player;StringValue;1.0
Comparison_of_audio_player_software - Features;Video playback;BooleanValue;0.9047619047619048
Comparison_of_audio_player_software - Features;Remote controllable;BooleanValue;0.8333333333333334
Comparison_of_audio_player_software - Extended features;Audion;NA;1.0
Comparison_of_audio_player_software - Extended features;Zinf;BooleanValue;1.0
Comparison_of_audio_player_software - Extended features;musikCube;NA;1.0
Comparison_of_audio_player_software - Extended features;XMPlay;BooleanValue;1.0
Comparison_of_audio_player_software - Extended features;Rhapsody;NA;1.0
Comparison_of_audio_player_software - Extended features;JuK;NA;1.0
Comparison_of_audio_player_software - Extended features;Clementine;BooleanValue;1.0
Comparison_of_audio_player_software - Extended features;Amarok;BooleanValue;1.0
Comparison_of_audio_player_software - Extended features;Audio player;StringValue;1.0
Comparison_of_audio_player_software - Extended features;MPXPLAY;NA;1.0
Comparison_of_audio_player_software - Extended features;Cog;NA;1.0
Comparison_of_audio_player_software - Extended features;Audacious;BooleanValue;1.0
Comparison_of_audio_player_software - Extended features;Audio player;StringValue;1.0
Comparison_of_audio_player_software - Extended features;XMMS;BooleanValue;1.0
Comparison_of_audio_player_software - Extended features;MusicBee;BooleanValue;1.0
Comparison_of_audio_player_software - Extended features;Rhythmbox;BooleanValue;1.0
Comparison_of_audio_player_software - Extended features;Winamp;BooleanValue;1.0
Comparison_of_audio_player_software - Extended features;Musicmatch Jukebox;BooleanValue;1.0
Comparison_of_audio_player_software - Extended features;AIMP;BooleanValue;1.0
Comparison_of_audio_player_software - Extended features;Sonique;BooleanValue;1.0
Comparison_of_audio_player_software - Extended features;cmus;BooleanValue;1.0
Comparison_of_audio_player_software - Extended features;MediaMonkey;BooleanValue;1.0
Comparison_of_audio_player_software - Extended features;Exaile;BooleanValue;1.0
Comparison_of_audio_player_software - Extended features;foobar2000;BooleanValue;1.0
Comparison_of_audio_player_software - Extended features;Quod Libet;BooleanValue;1.0
Comparison_of_audio_player_software - Audio format ability;Lossless compression;NA;1.0
Comparison_of_audio_player_software - Audio format ability;Audio player;StringValue;1.0
Comparison_of_audio_player_software - Audio format ability;Lossy compression;NA;1.0
Comparison_of_audio_player_software - Container format ability;OGM;BooleanValue;0.8888888888888888
Comparison_of_audio_player_software - Container format ability;Audio player;StringValue;1.0
Comparison_of_audio_player_software - Container format ability;AVI;BooleanValue;0.9473684210526315
Comparison_of_audio_player_software - Container format ability;Ogg;BooleanValue;0.55
Comparison_of_audio_player_software - Container format ability;MP4;BooleanValue;0.8823529411764706
Comparison_of_audio_player_software - Container format ability;MPEG-21;BooleanValue;0.75
Comparison_of_audio_player_software - Container format ability;ASF;BooleanValue;0.95
Comparison_of_audio_player_software - Container format ability;FLV;BooleanValue;0.5
Comparison_of_audio_player_software - Container format ability;QuickTime;BooleanValue;0.9473684210526315
Comparison_of_audio_player_software - Container format ability;Matroska;BooleanValue;0.8333333333333334
Comparison_of_audio_player_software - Container format ability;NUT;BooleanValue;0.75
Comparison_of_audio_player_software - Scalable, composite and emulation format abilities;Media Jukebox;NA;1.0
Comparison_of_audio_player_software - Scalable, composite and emulation format abilities;Cog;NA;1.0
Comparison_of_audio_player_software - Scalable, composite and emulation format abilities;Zinf;NA;1.0
Comparison_of_audio_player_software - Scalable, composite and emulation format abilities;JuK;NA;1.0
Comparison_of_audio_player_software - Scalable, composite and emulation format abilities;Audion;NA;1.0
Comparison_of_audio_player_software - Scalable, composite and emulation format abilities;foobar2000;BooleanValue;0.5
Comparison_of_audio_player_software - Scalable, composite and emulation format abilities;musikCube;NA;1.0
Comparison_of_audio_player_software - Scalable, composite and emulation format abilities;MPXPLAY;NA;1.0
Comparison_of_audio_player_software - Scalable, composite and emulation format abilities;Musicmatch Jukebox;NA;1.0
Comparison_of_audio_player_software - Scalable, composite and emulation format abilities;Audio player;StringValue;0.6
Comparison_of_audio_player_software - Scalable, composite and emulation format abilities;MusicBee;BooleanValue;1.0
Comparison_of_audio_player_software - Scalable, composite and emulation format abilities;Audacious;BooleanValue;1.0
Comparison_of_audio_player_software - Scalable, composite and emulation format abilities;cmus;BooleanValue;1.0
Comparison_of_audio_player_software - Scalable, composite and emulation format abilities;MediaMonkey;Conditional;1.0
Comparison_of_audio_player_software - Scalable, composite and emulation format abilities;Amarok;NA;1.0
Comparison_of_audio_player_software - Scalable, composite and emulation format abilities;Audio player;StringValue;0.6
Comparison_of_audio_player_software - Scalable, composite and emulation format abilities;Rhapsody;NA;1.0
Comparison_of_audio_player_software - Scalable, composite and emulation format abilities;Sonique;NA;1.0
Comparison_of_audio_player_software - Scalable, composite and emulation format abilities;AIMP;BooleanValue;1.0
Comparison_of_audio_player_software - Scalable, composite and emulation format abilities;Rhythmbox;NA;1.0
Comparison_of_audio_player_software - Scalable, composite and emulation format abilities;XMMS;NA;1.0
Comparison_of_audio_player_software - Protocol abilities;RTSP (RTSPU, RTSPT);BooleanValue;0.9166666666666666
Comparison_of_audio_player_software - Protocol abilities;Audio player;StringValue;1.0
Comparison_of_audio_player_software - Protocol abilities;Other;StringValue;0.75
Comparison_of_audio_player_software - Protocol abilities;HTTP;BooleanValue;0.9444444444444444
Comparison_of_audio_player_software - Protocol abilities;Podcasting;BooleanValue;0.9166666666666666
Comparison_of_audio_player_software - Protocol abilities;MMS (MMSU, MMST);BooleanValue;0.9230769230769231
Comparison_of_audio_player_software - Playlist format ability;Audacious;BooleanValue;1.0
Comparison_of_audio_player_software - Playlist format ability;foobar2000;BooleanValue;1.0
Comparison_of_audio_player_software - Playlist format ability;Musicmatch Jukebox;NA;1.0
Comparison_of_audio_player_software - Playlist format ability;Cog;NA;1.0
Comparison_of_audio_player_software - Playlist format ability;Audion;NA;1.0
Comparison_of_audio_player_software - Playlist format ability;Amarok;BooleanValue;1.0
Comparison_of_audio_player_software - Playlist format ability;AIMP;BooleanValue;1.0
Comparison_of_audio_player_software - Playlist format ability;Audio player;StringValue;1.0
Comparison_of_audio_player_software - Playlist format ability;Exaile;BooleanValue;1.0
Comparison_of_audio_player_software - Playlist format ability;JuK;NA;1.0
Comparison_of_audio_player_software - Playlist format ability;Zinf;BooleanValue;1.0
Comparison_of_audio_player_software - Playlist format ability;Audio player;StringValue;1.0
Comparison_of_audio_player_software - Playlist format ability;Rhapsody;NA;1.0
Comparison_of_audio_player_software - Playlist format ability;XMMS;BooleanValue;1.0
Comparison_of_audio_player_software - Playlist format ability;cmus;BooleanValue;1.0
Comparison_of_audio_player_software - Playlist format ability;Rhythmbox;BooleanValue;1.0
Comparison_of_audio_player_software - Playlist format ability;Media Jukebox;BooleanValue;1.0
Comparison_of_audio_player_software - Playlist format ability;musikCube;NA;1.0
Comparison_of_audio_player_software - Playlist format ability;MPXPLAY;BooleanValue;1.0
Comparison_of_audio_player_software - Playlist format ability;Quod Libet;BooleanValue;1.0
Comparison_of_audio_player_software - Playlist format ability;MediaMonkey;BooleanValue;1.0
Comparison_of_audio_player_software - Playlist format ability;Sonique;BooleanValue;1.0
Comparison_of_audio_player_software - Playlist format ability;MusicBee;BooleanValue;1.0
Comparison_of_audio_player_software - Metadata ability;WAVE chunks;BooleanValue;0.8
Comparison_of_audio_player_software - Metadata ability;Audio player;StringValue;1.0
Comparison_of_audio_player_software - Metadata ability;ID31;BooleanValue;0.9523809523809523
Comparison_of_audio_player_software - Metadata ability;APEv2 tag;BooleanValue;0.95
Comparison_of_audio_player_software - Metadata ability;Cue sheet;BooleanValue;0.9
Comparison_of_audio_player_software - Metadata ability;Vorbis comment;BooleanValue;0.9444444444444444
Comparison_of_audio_player_software - Metadata ability;CD-Text;BooleanValue;0.9
Comparison_of_audio_player_software - Metadata ability;ID32;BooleanValue;0.9523809523809523
Comparison_of_audio_synthesis_environments - General;Name;StringValue;1.0
Comparison_of_audio_synthesis_environments - General;License;StringValue;1.0
Comparison_of_audio_synthesis_environments - General;Main user interface type;StringValue;1.0
Comparison_of_audio_synthesis_environments - General;Primary Purpose(s);StringValue;1.0
Comparison_of_audio_synthesis_environments - General;First release date;IntegerValue;0.5714285714285714
Comparison_of_audio_synthesis_environments - General;Most recent version;StringValue;1.0
Comparison_of_audio_synthesis_environments - General;Cost;StringValue;1.0
Comparison_of_audio_synthesis_environments - General;Development status;StringValue;1.0
Comparison_of_audio_synthesis_environments - General;Most recent update;StringValue;1.0
Comparison_of_audio_synthesis_environments - General;Creator;StringValue;1.0
Comparison_of_audio_synthesis_environments - Programming language features;Object-oriented;BooleanValue;1.0
Comparison_of_audio_synthesis_environments - Programming language features;Type system;StringValue;0.8
Comparison_of_audio_synthesis_environments - Programming language features;Name;StringValue;1.0
Comparison_of_audio_synthesis_environments - Programming language features;Textual/graphical;StringValue;1.0
Comparison_of_audio_synthesis_environments - Data interface methods;Name;NA;1.0
Comparison_of_audio_synthesis_environments - Data interface methods;Products;NA;1.0
Comparison_of_audio_synthesis_environments - Data interface methods;ChucK;NA;1.0
Comparison_of_audio_synthesis_environments - Data interface methods;Reaktor;NA;1.0
Comparison_of_audio_synthesis_environments - Data interface methods;SuperCollider;NA;1.0
Comparison_of_audio_synthesis_environments - Data interface methods;Csound;NA;1.0
Comparison_of_audio_synthesis_environments - Data interface methods;Pure Data;NA;1.0
Comparison_of_audio_synthesis_environments - Data interface methods;Max/MSP;NA;1.0
Comparison_of_audio_synthesis_environments - Data interface methods;Impromptu;NA;1.0
Comparison_of_audio_synthesis_environments - Technical;Name;StringValue;1.0
Comparison_of_audio_synthesis_environments - Technical;Programming (plugin) API language(s);StringValue;1.0
Comparison_of_audio_synthesis_environments - Technical;Operating system(s);StringValue;1.0
Comparison_of_audio_synthesis_environments - Technical;Source code language(s);StringValue;1.0
Comparison_of_audio_synthesis_environments - Technical;Other technical features;StringValue;0.8421052631578947
Comparison_of_Axis_&_Allies_games - Units ;British;StringValue;0.6923076923076923
Comparison_of_Axis_&_Allies_games - Units ;Products;NA;1.0
Comparison_of_Axis_&_Allies_games - Units ;Base;StringValue;0.9661016949152542
Comparison_of_Axis_&_Allies_games - Units ;ANZAC;StringValue;1.0
Comparison_of_Axis_&_Allies_games - Units ;Japanese;StringValue;0.6521739130434783
Comparison_of_Axis_&_Allies_games - Units ;American;StringValue;0.6666666666666666
Comparison_of_Axis_&_Allies_games - Units ;Italian;StringValue;1.0
Comparison_of_Axis_&_Allies_games - Units ;French;StringValue;1.0
Comparison_of_Axis_&_Allies_games - Units ;Soviet;StringValue;0.6071428571428571
Comparison_of_Axis_&_Allies_games - Units ;Unit;StringValue;1.0
Comparison_of_Axis_&_Allies_games - Units ;German;StringValue;0.6666666666666666
Comparison_of_baseball_and_softball - Table of comparison;Taking a lead from base;NA;1.0
Comparison_of_baseball_and_softball - Table of comparison;Bunting;NA;1.0
Comparison_of_baseball_and_softball - Table of comparison;Fielders;NA;1.0
Comparison_of_baseball_and_softball - Table of comparison;Players;StringValue;1.0
Comparison_of_baseball_and_softball - Table of comparison;Rule or Term;NA;1.0
Comparison_of_baseball_and_softball - Table of comparison;Equipment;StringValue;1.0
Comparison_of_baseball_and_softball - Table of comparison;Hit by pitch;NA;1.0
Comparison_of_baseball_and_softball - Table of comparison;Bat;NA;1.0
Comparison_of_baseball_and_softball - Table of comparison;Pitcher's area;NA;1.0
Comparison_of_baseball_and_softball - Table of comparison;Extra player;NA;1.0
Comparison_of_baseball_and_softball - Table of comparison;Double first base;NA;1.0
Comparison_of_baseball_and_softball - Table of comparison;Substitution;NA;1.0
Comparison_of_baseball_and_softball - Table of comparison;Batter;StringValue;1.0
Comparison_of_baseball_and_softball - Table of comparison;Length of Game;NA;1.0
Comparison_of_baseball_and_softball - Table of comparison;Base stealing;NA;1.0
Comparison_of_baseball_and_softball - Table of comparison;Baselines;NA;1.0
Comparison_of_baseball_and_softball - Table of comparison;Layout diagram;NA;1.0
Comparison_of_baseball_and_softball - Table of comparison;Runner;StringValue;1.0
Comparison_of_baseball_and_softball - Table of comparison;Pitching;StringValue;1.0
Comparison_of_baseball_and_softball - Table of comparison;Field;StringValue;1.0
Comparison_of_baseball_and_softball - Table of comparison;Outfield fence;NA;1.0
Comparison_of_baseball_and_softball - Table of comparison;Foul ball with two strikes;NA;1.0
Comparison_of_baseball_and_softball - Table of comparison;Delivery;NA;1.0
Comparison_of_baseball_and_softball - Table of comparison;Illegal pitch;NA;1.0
Comparison_of_baseball_and_softball - Table of comparison;Ball;NA;1.0
Comparison_of_baseball_and_softball - Table of comparison;Pitching distance;NA;1.0
Comparison_of_behavioral_experiment_software;GUI;BooleanValue;1.0
Comparison_of_behavioral_experiment_software;License type;StringValue;1.0
Comparison_of_behavioral_experiment_software;Scripting language;BooleanValue;1.0
Comparison_of_behavioral_experiment_software;Library;StringValue;0.65625
Comparison_of_behavioral_experiment_software;Name;StringValue;1.0
Comparison_of_behavioral_experiment_software;Operating System;StringValue;1.0
Comparison_of_birth_control_methods - Effectiveness;Type;StringValue;1.0
Comparison_of_birth_control_methods - Effectiveness;User action required;StringValue;0.9714285714285714
Comparison_of_birth_control_methods - Effectiveness;Birth control method;StringValue;0.9545454545454546
Comparison_of_birth_control_methods - Effectiveness;Brand/common name;StringValue;1.0
Comparison_of_birth_control_methods - Effectiveness;Typical-use failure rate (%);Conditional;0.7352941176470589
Comparison_of_birth_control_methods - Effectiveness;Implementation;StringValue;1.0
Comparison_of_birth_control_methods - Effectiveness;Perfect-use failure rate (%);RealValue;0.47058823529411764
Comparison_of_BitTorrent_clients - General ;Latest stable software release;Conditional;0.813953488372093
Comparison_of_BitTorrent_clients - General ;Software license;StringValue;0.9545454545454546
Comparison_of_BitTorrent_clients - General ;Year (not dynamic, but easier for sorting);IntegerValue;0.9473684210526315
Comparison_of_BitTorrent_clients - General ;Name;StringValue;0.9743589743589743
Comparison_of_BitTorrent_clients - General ;Developer;StringValue;1.0
Comparison_of_BitTorrent_clients - Operating system support ;iOS;BooleanValue;0.972972972972973
Comparison_of_BitTorrent_clients - Operating system support ;Mac OS X;BooleanValue;0.9459459459459459
Comparison_of_BitTorrent_clients - Operating system support ;Android;BooleanValue;0.972972972972973
Comparison_of_BitTorrent_clients - Operating system support ;Windows;BooleanValue;0.8918918918918919
Comparison_of_BitTorrent_clients - Operating system support ;BSD;BooleanValue;0.972972972972973
Comparison_of_BitTorrent_clients - Operating system support ;Other;BooleanValue;0.6222222222222222
Comparison_of_BitTorrent_clients - Operating system support ;BitTorrent client;StringValue;1.0
Comparison_of_BitTorrent_clients - Operating system support ;Linux;BooleanValue;0.918918918918919
Comparison_of_BitTorrent_clients - Interface and programming ;GUI;BooleanValue;0.9117647058823529
Comparison_of_BitTorrent_clients - Interface and programming ;Based on;StringValue;0.5263157894736842
Comparison_of_BitTorrent_clients - Interface and programming ;CLI;BooleanValue;0.9090909090909091
Comparison_of_BitTorrent_clients - Interface and programming ;Other;BooleanValue;0.7105263157894737
Comparison_of_BitTorrent_clients - Interface and programming ;BitTorrent client;StringValue;0.9722222222222222
Comparison_of_BitTorrent_clients - Interface and programming ;Web;BooleanValue;0.9411764705882353
Comparison_of_BitTorrent_clients - Interface and programming ;µTP;BooleanValue;0.9714285714285714
Comparison_of_BitTorrent_clients - Interface and programming ;IPv6;BooleanValue;0.9428571428571428
Comparison_of_BitTorrent_clients - Interface and programming ;Programming language;StringValue;1.0
Comparison_of_BitTorrent_clients - Features I ;NAT traversal;BooleanValue;0.96875
Comparison_of_BitTorrent_clients - Features I ;Preload Magnet metadata;BooleanValue;0.96875
Comparison_of_BitTorrent_clients - Features I ;Embedded tracker;BooleanValue;0.9375
Comparison_of_BitTorrent_clients - Features I ;Peer exchange;BooleanValue;0.96875
Comparison_of_BitTorrent_clients - Features I ;UPnP;BooleanValue;0.96875
Comparison_of_BitTorrent_clients - Features I ;Super-seeding;BooleanValue;0.96875
Comparison_of_BitTorrent_clients - Features I ;Magnet URI;BooleanValue;0.967741935483871
Comparison_of_BitTorrent_clients - Features I ;BitTorrent client;StringValue;0.9696969696969697
Comparison_of_BitTorrent_clients - Features I ;NAT Port Mapping Protocol;BooleanValue;0.96875
Comparison_of_BitTorrent_clients - Features I ;Proxy server;BooleanValue;0.55
Comparison_of_BitTorrent_clients - Features I ;UDP tracker;BooleanValue;0.96875
Comparison_of_BitTorrent_clients - Features I ;LPD;BooleanValue;0.9354838709677419
Comparison_of_BitTorrent_clients - Features I ;Encryption;BooleanValue;0.96875
Comparison_of_BitTorrent_clients - Features I ;DHT;BooleanValue;0.96875
Comparison_of_BitTorrent_clients - Features II ;Auto updates;BooleanValue;0.6764705882352942
Comparison_of_BitTorrent_clients - Features II ;Selective downloads;BooleanValue;0.96875
Comparison_of_BitTorrent_clients - Features II ;Search engine;BooleanValue;0.75
Comparison_of_BitTorrent_clients - Features II ;Prioritization;BooleanValue;0.96875
Comparison_of_BitTorrent_clients - Features II ;Broad-catching (RSS);BooleanValue;0.8125
Comparison_of_BitTorrent_clients - Features II ;Remote control via web;BooleanValue;0.9032258064516129
Comparison_of_BitTorrent_clients - Features II ;Web seeding;BooleanValue;0.96875
Comparison_of_BitTorrent_clients - Features II ;BitTorrent client;StringValue;0.9705882352941176
Comparison_of_BitTorrent_clients - Features II ;SOCKS;BooleanValue;0.96875
Comparison_of_BitTorrent_clients - Features II ;Notes;StringValue;0.9333333333333333
Comparison_of_BitTorrent_clients - Features II ;Cache;BooleanValue;0.967741935483871
Comparison_of_BitTorrent_clients - Features II ;Sequential downloading;BooleanValue;0.8787878787878788
Comparison_of_BitTorrent_clients - Features II ;Tracker exchange;BooleanValue;0.96875
Comparison_of_BitTorrent_clients - Features II ;Reviews and Comments;BooleanValue;0.9411764705882353
Comparison_of_BitTorrent_clients - Vulnerabilities ;Libtorrent (Rasterbar);NA;1.0
Comparison_of_BitTorrent_clients - Vulnerabilities ;Opera 12;NA;1.0
Comparison_of_BitTorrent_clients - Vulnerabilities ;Shareaza;NA;1.0
Comparison_of_BitTorrent_clients - Vulnerabilities ;Transmission;NA;1.0
Comparison_of_BitTorrent_clients - Vulnerabilities ;BitTorrent;NA;1.0
Comparison_of_BitTorrent_clients - Vulnerabilities ;BitTorrent client;NA;1.0
Comparison_of_BitTorrent_clients - Vulnerabilities ;BitLord;NA;1.0
Comparison_of_BitTorrent_clients - Vulnerabilities ;Miro;NA;1.0
Comparison_of_BitTorrent_clients - Vulnerabilities ;FrostWire;NA;1.0
Comparison_of_BitTorrent_clients - Vulnerabilities ;BitTornado;NA;1.0
Comparison_of_BitTorrent_clients - Vulnerabilities ;LimeWire;NA;1.0
Comparison_of_BitTorrent_clients - Vulnerabilities ;FlashGet;NA;1.0
Comparison_of_BitTorrent_clients - Vulnerabilities ;BitTyrant;NA;1.0
Comparison_of_BitTorrent_clients - Vulnerabilities ;BitTorrent DNA;NA;1.0
Comparison_of_BitTorrent_clients - Vulnerabilities ;MLDonkey;NA;1.0
Comparison_of_BitTorrent_clients - Vulnerabilities ;Tixati;NA;1.0
Comparison_of_BitTorrent_clients - Vulnerabilities ;Vuze (formerly Azureus);NA;1.0
Comparison_of_BitTorrent_clients - Vulnerabilities ;BitComet;NA;1.0
Comparison_of_BitTorrent_clients - Vulnerabilities ;Tomato Torrent;NA;1.0
Comparison_of_BitTorrent_clients - Vulnerabilities ;µTorrent for Mac;NA;1.0
Comparison_of_BitTorrent_clients - Vulnerabilities ;BitTorrent client;NA;1.0
Comparison_of_BitTorrent_clients - Vulnerabilities ;Free Download Manager;NA;1.0
Comparison_of_BitTorrent_clients - Vulnerabilities ;Deluge;NA;1.0
Comparison_of_BitTorrent_clients - Vulnerabilities ;KTorrent;NA;1.0
Comparison_of_BitTorrent_clients - Vulnerabilities ;Xunlei;NA;1.0
Comparison_of_BitTorrent_clients - Vulnerabilities ;µTorrent for Windows;NA;1.0
Comparison_of_BitTorrent_clients - Vulnerabilities ;TorrentFlux;NA;1.0
Comparison_of_BitTorrent_clients - Vulnerabilities ;Wyzo;NA;1.0
Comparison_of_BitTorrent_clients - Libraries ;rTorrent (libTorrent Rakshasa);StringValue;1.0
Comparison_of_BitTorrent_clients - Libraries ;BitTorrent library;StringValue;1.0
Comparison_of_BitTorrent_clients - Libraries ;BitTorrent library;StringValue;1.0
Comparison_of_BitTorrent_clients - Libraries ;MonoTorrent;StringValue;0.75
Comparison_of_BitTorrent_clients - Libraries ;libtorrent (Rasterbar);StringValue;0.8
Comparison_of_BitTorrent_clients - Libraries ;libtorrent (Rasterbar);BooleanValue;0.8
Comparison_of_BitTorrent_clients - Libraries ;MonoTorrent;BooleanValue;0.8
Comparison_of_BitTorrent_clients - Libraries ;BitTorrent library;StringValue;1.0
Comparison_of_BitTorrent_clients - Libraries ;BitTorrent library;StringValue;1.0
Comparison_of_BitTorrent_clients - Libraries ;rTorrent (libTorrent Rakshasa);BooleanValue;0.8
Comparison_of_BitTorrent_clients - Libraries ;libtorrent (Rasterbar);BooleanValue;1.0
Comparison_of_BitTorrent_clients - Libraries ;MonoTorrent;BooleanValue;1.0
Comparison_of_BitTorrent_clients - Libraries ;BitTorrent library;StringValue;1.0
Comparison_of_BitTorrent_clients - Libraries ;BitTorrent library;StringValue;1.0
Comparison_of_BitTorrent_clients - Libraries ;rTorrent (libTorrent Rakshasa);BooleanValue;1.0
Comparison_of_BitTorrent_clients - Libraries ;BitTorrent library;StringValue;0.8888888888888888
Comparison_of_BitTorrent_clients - Libraries ;libtorrent (Rasterbar);BooleanValue;1.0
Comparison_of_BitTorrent_clients - Libraries ;BitTorrent library;StringValue;0.8888888888888888
Comparison_of_BitTorrent_clients - Libraries ;rTorrent (libTorrent Rakshasa);BooleanValue;0.875
Comparison_of_BitTorrent_clients - Libraries ;MonoTorrent;BooleanValue;1.0
Comparison_of_BitTorrent_sites - Site comparison;Directory;BooleanValue;0.975609756097561
Comparison_of_BitTorrent_sites - Site comparison;Comments;BooleanValue;0.975
Comparison_of_BitTorrent_sites - Site comparison;Public;BooleanValue;0.9622641509433962
Comparison_of_BitTorrent_sites - Site comparison;Ignores DMCA;BooleanValue;0.9615384615384616
Comparison_of_BitTorrent_sites - Site comparison;Alexa Traffic Rank;IntegerValue;0.98989898989899
Comparison_of_BitTorrent_sites - Site comparison;Sortable;BooleanValue;0.926829268292683
Comparison_of_BitTorrent_sites - Site comparison;Multi-tracker index;BooleanValue;0.975
Comparison_of_BitTorrent_sites - Site comparison;One-click download;BooleanValue;0.9761904761904762
Comparison_of_BitTorrent_sites - Site comparison;Site;StringValue;1.0
Comparison_of_BitTorrent_sites - Site comparison;Is a tracker;BooleanValue;0.975
Comparison_of_BitTorrent_sites - Site comparison;RSS;BooleanValue;0.975609756097561
Comparison_of_BitTorrent_sites - Site comparison;Specialization;StringValue;1.0
Comparison_of_BitTorrent_sites - Site comparison;DHT search;BooleanValue;0.9743589743589743
Comparison_of_BitTorrent_tracker_software;Programming Language;StringValue;1.0
Comparison_of_BitTorrent_tracker_software;License;StringValue;1.0
Comparison_of_BitTorrent_tracker_software;Operating System Support;StringValue;0.9130434782608695
Comparison_of_BitTorrent_tracker_software;Description;StringValue;0.9473684210526315
Comparison_of_BitTorrent_tracker_software;Tracker;StringValue;1.0
Comparison_of_boot_loaders - Features;XOSL;NA;1.0
Comparison_of_boot_loaders - Features;NTLDR;NA;1.0
Comparison_of_boot_loaders - Features;MasterBooter;NA;1.0
Comparison_of_boot_loaders - Features;SPFdisk;NA;1.0
Comparison_of_boot_loaders - Features;PLoP Bootmanager;NA;1.0
Comparison_of_boot_loaders - Features;SYSLINUX;NA;1.0
Comparison_of_boot_loaders - Features;LILO;NA;1.0
Comparison_of_boot_loaders - Features;Gujin;NA;1.0
Comparison_of_boot_loaders - Features;Windows Boot Manager;NA;1.0
Comparison_of_boot_loaders - Features;Das U-Boot;NA;1.0
Comparison_of_boot_loaders - Features;OSL2000 Boot Manager;NA;1.0
Comparison_of_boot_loaders - Features;Name;NA;1.0
Comparison_of_boot_loaders - Features;Products;NA;1.0
Comparison_of_boot_loaders - Features;GRUB4DOS;NA;1.0
Comparison_of_boot_loaders - Features;Smart Boot Manager;NA;1.0
Comparison_of_boot_loaders - Features;rEFInd;NA;1.0
Comparison_of_boot_loaders - Features;Barebox;NA;1.0
Comparison_of_boot_loaders - Features;GRUB Legacy;NA;1.0
Comparison_of_boot_loaders - Features;Name;NA;1.0
Comparison_of_boot_loaders - Features;BootKey;NA;1.0
Comparison_of_boot_loaders - Features;GNU GRUB;NA;1.0
Comparison_of_boot_loaders - Features;FreeLoader (ReactOS Boot Loader);NA;1.0
Comparison_of_boot_loaders - Features;BootX (Apple);NA;1.0
Comparison_of_boot_loaders - Features;RedBoot;NA;1.0
Comparison_of_boot_loaders - Features;AiR-Boot;NA;1.0
Comparison_of_boot_loaders - Features;loadlin;NA;1.0
Comparison_of_boot_loaders - Features;Gummiboot;NA;1.0
Comparison_of_boot_loaders - Features;Darwin Boot Loader;NA;1.0
Comparison_of_boot_loaders - Features;Boot Camp;NA;1.0
Comparison_of_boot_loaders - Features;Acronis OS Selector;NA;1.0
Comparison_of_boot_loaders - Features;BootX (Linux);NA;1.0
Comparison_of_boot_loaders - Features;BootIt Next Generation;NA;1.0
Comparison_of_boot_loaders - Features;bootman;NA;1.0
Comparison_of_boot_loaders - Features;GAG;NA;1.0
Comparison_of_boot_loaders - Features;AKernelLoader;NA;1.0
Comparison_of_boot_loaders - Technical information ;Supported filesystem;StringValue;0.9550561797752809
Comparison_of_boot_loaders - Technical information ;Supported protocol;StringValue;0.9473684210526315
Comparison_of_boot_loaders - Technical information ;Scriptable;BooleanValue;0.8571428571428571
Comparison_of_boot_loaders - Technical information ;Supported executable;StringValue;0.9285714285714286
Comparison_of_boot_loaders - Technical information ;Others;StringValue;1.0
Comparison_of_boot_loaders - Technical information ;Name;StringValue;0.9
Comparison_of_boot_loaders - Technical information ;Supported decompression;StringValue;0.9473684210526315
Comparison_of_boot_loaders - Technical information ;Supported architecture;StringValue;0.8448275862068966
Comparison_of_boot_loaders - Technical information ;Supported OS;StringValue;0.9710144927536232
Comparison_of_boot_loaders - Technical information ;Advanced command;BooleanValue;0.9285714285714286
Comparison_of_brainwave_entrainment_software - General;License;StringValue;1.0
Comparison_of_brainwave_entrainment_software - General;Operating systems;StringValue;1.0
Comparison_of_brainwave_entrainment_software - General;Developer;StringValue;1.0
Comparison_of_brainwave_entrainment_software - General;Software;StringValue;1.0
Comparison_of_brainwave_entrainment_software - General;Version;RealValue;0.6153846153846154
Comparison_of_brainwave_entrainment_software - Stimuli/Methods;Software;StringValue;1.0
Comparison_of_brainwave_entrainment_software - Stimuli/Methods;Isochronic tones;BooleanValue;1.0
Comparison_of_brainwave_entrainment_software - Stimuli/Methods;Photic;BooleanValue;1.0
Comparison_of_brainwave_entrainment_software - Stimuli/Methods;Binaural beats;BooleanValue;1.0
Comparison_of_brainwave_entrainment_software - Stimuli/Methods;Monaural beats;BooleanValue;1.0
Comparison_of_brainwave_entrainment_software - Features;Volume modulation for embedded audio;BooleanValue;0.9230769230769231
Comparison_of_brainwave_entrainment_software - Features;Headphone-free sessions;BooleanValue;1.0
Comparison_of_brainwave_entrainment_software - Features;User-created sessions;BooleanValue;0.9230769230769231
Comparison_of_brainwave_entrainment_software - Features;Export as sound file;Conditional;0.7692307692307693
Comparison_of_brainwave_entrainment_software - Features;Pre-made sessions;BooleanValue;1.0
Comparison_of_brainwave_entrainment_software - Features;Software;StringValue;1.0
Comparison_of_brainwave_entrainment_software - Features;Networkable;BooleanValue;0.9230769230769231
Comparison_of_brainwave_entrainment_software - Features;Embed audio (sounds, music, hypnosis);BooleanValue;0.6923076923076923
Comparison_of_brainwave_entrainment_software - Features;Background Noise;Conditional;0.6923076923076923
Comparison_of_browser_synchronizers - General;Software license;StringValue;1.0
Comparison_of_browser_synchronizers - General;Client;StringValue;1.0
Comparison_of_browser_synchronizers - General;Latest release;StringValue;0.6923076923076923
Comparison_of_browser_synchronizers - General;Creator;StringValue;1.0
Comparison_of_browser_synchronizers - Operating system support;BookmarkSync;BooleanValue;1.0
Comparison_of_browser_synchronizers - Operating system support;Xmarks;BooleanValue;0.6
Comparison_of_browser_synchronizers - Operating system support;PC operating system;StringValue;1.0
Comparison_of_browser_synchronizers - Operating system support;Firefox Sync;BooleanValue;0.9
Comparison_of_browser_synchronizers - Operating system support;Opera Link;BooleanValue;0.6428571428571429
Comparison_of_browser_synchronizers - Operating system support;Client;StringValue;1.0
Comparison_of_browser_synchronizers - Syncable Browsers;BookmarkSync;BooleanValue;0.6666666666666666
Comparison_of_browser_synchronizers - Syncable Browsers;Firefox Sync;BooleanValue;0.8333333333333334
Comparison_of_browser_synchronizers - Syncable Browsers;Opera Link;BooleanValue;0.7142857142857143
Comparison_of_browser_synchronizers - Syncable Browsers;Client;StringValue;1.0
Comparison_of_browser_synchronizers - Syncable Browsers;Xmarks;BooleanValue;0.7142857142857143
Comparison_of_browser_synchronizers - Syncable Items;Firefox Sync;BooleanValue;0.46153846153846156
Comparison_of_browser_synchronizers - Syncable Items;Opera Link;BooleanValue;0.5384615384615384
Comparison_of_browser_synchronizers - Syncable Items;Client;StringValue;1.0
Comparison_of_browser_synchronizers - Syncable Items;Xmarks;BooleanValue;0.6666666666666666
Comparison_of_browser_synchronizers - Syncable Items;BookmarkSync;BooleanValue;1.0
Comparison_of_browser_synchronizers - Features;Bookmark;BooleanValue;0.6363636363636364
Comparison_of_browser_synchronizers - Features;Network Menus;StringValue;0.6666666666666666
Comparison_of_browser_synchronizers - Features;Opera Link;BooleanValue;0.8571428571428571
Comparison_of_browser_synchronizers - Features;xbelSync;StringValue;0.6666666666666666
Comparison_of_browser_synchronizers - Features;BookmarkSync;BooleanValue;0.7777777777777778
Comparison_of_browser_synchronizers - Features;SyncBookmarks;StringValue;0.6666666666666666
Comparison_of_browser_synchronizers - Features;Link Commander;StringValue;0.6666666666666666
Comparison_of_browser_synchronizers - Features;Client;StringValue;1.0
Comparison_of_browser_synchronizers - Features;Arado Websearch;BooleanValue;0.8571428571428571
Comparison_of_browser_synchronizers - Features;Client;StringValue;1.0
Comparison_of_browser_synchronizers - Features;Xmarks;StringValue;0.45454545454545453
Comparison_of_browser_synchronizers - Features;Portable Bookmarks;StringValue;0.6666666666666666
Comparison_of_browser_synchronizers - Features;Firefox Sync;BooleanValue;0.7777777777777778
Comparison_of_browser_synchronizers - Features;Chipmark;BooleanValue;0.6
Comparison_of_browser_synchronizers - Features;Power Favorites;StringValue;0.625
Comparison_of_browser_synchronizers - Features;Bookmark Sync and Sort;BooleanValue;1.0
Comparison_of_BSD_operating_systems - General information;Latest stable version;NA;1.0
Comparison_of_BSD_operating_systems - General information;Purpose;StringValue;1.0
Comparison_of_BSD_operating_systems - General information;First public release;StringValue;0.8636363636363636
Comparison_of_BSD_operating_systems - General information;Cost (USD);StringValue;0.9393939393939394
Comparison_of_BSD_operating_systems - General information;Primary developers;StringValue;0.975609756097561
Comparison_of_BSD_operating_systems - General information;Short description;StringValue;0.9803921568627451
Comparison_of_BSD_operating_systems - General information;Preferred license;StringValue;1.0
Comparison_of_BSD_operating_systems - General information;Based on;StringValue;0.9423076923076923
Comparison_of_BSD_operating_systems - Technical information;Update management;StringValue;0.7142857142857143
Comparison_of_BSD_operating_systems - Technical information;GUI on by default;Conditional;1.0
Comparison_of_BSD_operating_systems - Technical information;Primary APIs;StringValue;0.9354838709677419
Comparison_of_BSD_operating_systems - Technical information;Kernel type;StringValue;1.0
Comparison_of_BSD_operating_systems - Technical information;Supported architectures;StringValue;1.0
Comparison_of_BSD_operating_systems - Technical information;Supported file system;StringValue;0.8053097345132744
Comparison_of_BSD_operating_systems - Technical information;Package management;StringValue;1.0
Comparison_of_BSD_operating_systems - Security features;Encrypted file systems;BooleanValue;1.0
Comparison_of_BSD_operating_systems - Security features;Resource access control;StringValue;1.0
Comparison_of_BSD_operating_systems - Security features;Data execution prevention;NA;1.0
Comparison_of_BSD_operating_systems - Security features;Subsystem isolation mechanisms;StringValue;1.0
Comparison_of_BSD_operating_systems - Security features;Security logging;StringValue;1.0
Comparison_of_BSD_operating_systems - Security features;Integrated firewall;StringValue;0.9523809523809523
Comparison_of_business_integration_software - General information;Edition;StringValue;0.5
Comparison_of_business_integration_software - General information;Software license;StringValue;0.975609756097561
Comparison_of_business_integration_software - General information;Cost (USD);StringValue;0.984375
Comparison_of_business_integration_software - General information;Creator;StringValue;1.0
Comparison_of_business_integration_software - General information;Open source;BooleanValue;1.0
Comparison_of_business_integration_software - General information;Implementation;StringValue;1.0
Comparison_of_business_integration_software - General information;Release Date;StringValue;0.8421052631578947
Comparison_of_business_integration_software - General information;Software;StringValue;0.9210526315789473
Comparison_of_business_integration_software - Operating system support;Microsoft Windows;NA;1.0
Comparison_of_business_integration_software - Operating system support;Mac OS X;BooleanValue;1.0
Comparison_of_business_integration_software - Operating system support;HP-UX;BooleanValue;1.0
Comparison_of_business_integration_software - Operating system support;Software;StringValue;0.9310344827586207
Comparison_of_business_integration_software - Operating system support;Solaris;BooleanValue;1.0
Comparison_of_business_integration_software - Operating system support;IBM;NA;1.0
Comparison_of_business_integration_software - Operating system support;Linux;NA;1.0
Comparison_of_business_integration_software - Database support;PEtALS ESB;NA;1.0
Comparison_of_business_integration_software - Database support;Sun Java Composite Application Platform Suite;NA;1.0
Comparison_of_business_integration_software - Database support;Software;NA;1.0
Comparison_of_business_integration_software - Database support;AdroitLogic UltraESB;NA;1.0
Comparison_of_business_integration_software - Database support;OpenLink Virtuoso;NA;1.0
Comparison_of_business_integration_software - Database support;Oracle Enterprise Service Bus;NA;1.0
Comparison_of_business_integration_software - Database support;WebSphere Message Broker;NA;1.0
Comparison_of_business_integration_software - Database support;Informatica Power Center;NA;1.0
Comparison_of_business_integration_software - Database support;OpenESB;NA;1.0
Comparison_of_business_integration_software - Database support;WebSphere Enterprise Service Bus and WebSphere Pro;NA;1.0
Comparison_of_business_integration_software - Database support;WSO2 Enterprise Service Bus (ESB);NA;1.0
Comparison_of_business_integration_software - Database support;SAP Exchange Infrastructure;NA;1.0
Comparison_of_business_integration_software - Database support;Unify NXJ;NA;1.0
Comparison_of_business_integration_software - Database support;Flow Software;NA;1.0
Comparison_of_business_integration_software - Database support;Openadaptor;NA;1.0
Comparison_of_business_integration_software - Database support;JBoss Enterprise SOA Platform;NA;1.0
Comparison_of_business_integration_software - Database support;Artix ESB;NA;1.0
Comparison_of_business_integration_software - Database support;Apache Synapse;NA;1.0
Comparison_of_business_integration_software - Database support;Automation Anywhere Integration Pack;NA;1.0
Comparison_of_business_integration_software - Database support;JBoss Enterprise Service Bus (ESB);NA;1.0
Comparison_of_business_integration_software - Database support;BizTalk Server;NA;1.0
Comparison_of_business_integration_software - Database support;Oracle BPEL Process Manager;NA;1.0
Comparison_of_business_integration_software - Database support;Talend ESB;NA;1.0
Comparison_of_Business_Process_Modeling_Notation_tools - General ;Platform / OS;StringValue;0.9380530973451328
Comparison_of_Business_Process_Modeling_Notation_tools - General ;First Release;IntegerValue;0.7346938775510204
Comparison_of_Business_Process_Modeling_Notation_tools - General ;Creator;StringValue;0.9838709677419355
Comparison_of_Business_Process_Modeling_Notation_tools - General ;Software license;StringValue;0.9473684210526315
Comparison_of_Business_Process_Modeling_Notation_tools - General ;BPMN Version;StringValue;1.0
Comparison_of_Business_Process_Modeling_Notation_tools - General ;Features;StringValue;0.9736842105263158
Comparison_of_Business_Process_Modeling_Notation_tools - General ;Name;StringValue;0.9838709677419355
Comparison_of_Business_Process_Modeling_Notation_tools - General ;Latest Release;StringValue;0.6379310344827587
Comparison_of_CAD,_CAM_and_CAE_file_viewers - Comparison of CAD/CAM/CAE file viewers ;User Interface Language(s);StringValue;1.0
Comparison_of_CAD,_CAM_and_CAE_file_viewers - Comparison of CAD/CAM/CAE file viewers ;Supported format(s);StringValue;0.96
Comparison_of_CAD,_CAM_and_CAE_file_viewers - Comparison of CAD/CAM/CAE file viewers ;Runs on POSIX style systems?;BooleanValue;0.8
Comparison_of_CAD,_CAM_and_CAE_file_viewers - Comparison of CAD/CAM/CAE file viewers ;Other platforms?;BooleanValue;1.0
Comparison_of_CAD,_CAM_and_CAE_file_viewers - Comparison of CAD/CAM/CAE file viewers ;Developer;StringValue;1.0
Comparison_of_CAD,_CAM_and_CAE_file_viewers - Comparison of CAD/CAM/CAE file viewers ;Application;StringValue;0.8
Comparison_of_CAD,_CAM_and_CAE_file_viewers - Comparison of CAD/CAM/CAE file viewers ;3D support?;BooleanValue;1.0
Comparison_of_CAD,_CAM_and_CAE_file_viewers - Comparison of CAD/CAM/CAE file viewers ;Open source?;Conditional;0.6
Comparison_of_CAD,_CAM_and_CAE_file_viewers - Comparison of CAD/CAM/CAE file viewers ;Latest stable release;IntegerValue;0.4
Comparison_of_CAD,_CAM_and_CAE_file_viewers - Comparison of CAD/CAM/CAE file viewers ;Runs on Windows?;BooleanValue;1.0
Comparison_of_CalDAV_and_CardDAV_implementations - Client implementations;Platform;StringValue;1.0
Comparison_of_CalDAV_and_CardDAV_implementations - Client implementations;CalDAV Events;BooleanValue;1.0
Comparison_of_CalDAV_and_CardDAV_implementations - Client implementations;Client name;StringValue;0.9444444444444444
Comparison_of_CalDAV_and_CardDAV_implementations - Client implementations;CalDAV Tasks;BooleanValue;1.0
Comparison_of_CalDAV_and_CardDAV_implementations - Client implementations;CardDAV;BooleanValue;0.9473684210526315
Comparison_of_CalDAV_and_CardDAV_implementations - Client implementations;License;StringValue;1.0
Comparison_of_CalDAV_and_CardDAV_implementations - Server implementations;Oracle;BooleanValue;0.9375
Comparison_of_CalDAV_and_CardDAV_implementations - Server implementations;Zimbra;BooleanValue;0.8571428571428571
Comparison_of_CalDAV_and_CardDAV_implementations - Server implementations;Baïkal;BooleanValue;0.8571428571428571
Comparison_of_CalDAV_and_CardDAV_implementations - Server implementations;ownCloud;BooleanValue;0.6666666666666666
Comparison_of_CalDAV_and_CardDAV_implementations - Server implementations;Calypso;BooleanValue;0.9166666666666666
Comparison_of_CalDAV_and_CardDAV_implementations - Server implementations;Group-Office;BooleanValue;0.7692307692307693
Comparison_of_CalDAV_and_CardDAV_implementations - Server implementations;Fennel;StringValue;1.0
Comparison_of_CalDAV_and_CardDAV_implementations - Server implementations;Tryton;BooleanValue;0.875
Comparison_of_CalDAV_and_CardDAV_implementations - Server implementations;DAViCal;BooleanValue;0.9230769230769231
Comparison_of_CalDAV_and_CardDAV_implementations - Server implementations;Daylite Server;BooleanValue;0.9333333333333333
Comparison_of_CalDAV_and_CardDAV_implementations - Server implementations;Server name;StringValue;1.0
Comparison_of_CalDAV_and_CardDAV_implementations - Server implementations;Radicale;BooleanValue;0.5
Comparison_of_CalDAV_and_CardDAV_implementations - Server implementations;Zentyal;StringValue;1.0
Comparison_of_CalDAV_and_CardDAV_implementations - Server implementations;DavMail;StringValue;1.0
Comparison_of_CalDAV_and_CardDAV_implementations - Server implementations;IT Hit Active Directory CardDAV Server;BooleanValue;0.9375
Comparison_of_CalDAV_and_CardDAV_implementations - Server implementations;SabreDAV;BooleanValue;0.9375
Comparison_of_CalDAV_and_CardDAV_implementations - Server implementations;Bedework;BooleanValue;0.8333333333333334
Comparison_of_CalDAV_and_CardDAV_implementations - Server implementations;IT Hit WebDAV Server Engine for .Net;BooleanValue;0.9166666666666666
Comparison_of_CalDAV_and_CardDAV_implementations - Server implementations;Calendar and Contacts Server;BooleanValue;0.9375
Comparison_of_California_ski_resorts;Peak Elevation (ft);IntegerValue;1.0
Comparison_of_California_ski_resorts;Nearest City;StringValue;1.0
Comparison_of_California_ski_resorts;Base Elevation (ft);IntegerValue;0.9649122807017544
Comparison_of_California_ski_resorts;Total Lifts;IntegerValue;1.0
Comparison_of_California_ski_resorts;Avg Annual Snowfall;StringValue;1.0
Comparison_of_California_ski_resorts;Total Trails;IntegerValue;1.0
Comparison_of_California_ski_resorts;Resort Name;StringValue;1.0
Comparison_of_California_ski_resorts;Date Statistics Updated;StringValue;1.0
Comparison_of_California_ski_resorts;Vertical Drop;IntegerValue;1.0
Comparison_of_California_ski_resorts;Adult Single Day Lift Ticket Price;StringValue;1.0
Comparison_of_California_ski_resorts;Skiable Acreage;IntegerValue;1.0
Comparison_of_Canadian-tax_preparation_software_for_personal_use;Limitations;StringValue;1.0
Comparison_of_Canadian-tax_preparation_software_for_personal_use;Freebies;StringValue;0.92
Comparison_of_Canadian-tax_preparation_software_for_personal_use;Platform;StringValue;1.0
Comparison_of_Canadian-tax_preparation_software_for_personal_use;Not Counted;StringValue;1.0
Comparison_of_Canadian-tax_preparation_software_for_personal_use;Owner;StringValue;1.0
Comparison_of_Canadian-tax_preparation_software_for_personal_use;Approved Forms;BooleanValue;0.9523809523809523
Comparison_of_Canadian-tax_preparation_software_for_personal_use;NetFile Certified (tax years);Conditional;0.85
Comparison_of_Canadian-tax_preparation_software_for_personal_use;Price;StringValue;1.0
Comparison_of_Canadian-tax_preparation_software_for_personal_use;Name;StringValue;1.0
Comparison_of_Canadian-tax_preparation_software_for_personal_use;2D Bar Coded;BooleanValue;1.0
Comparison_of_Canadian-tax_preparation_software_for_personal_use;# of Returns;StringValue;0.5238095238095238
Comparison_of_Canon_EOS_digital_cameras - General information;Image processor;StringValue;1.0
Comparison_of_Canon_EOS_digital_cameras - General information;Display;StringValue;1.0
Comparison_of_Canon_EOS_digital_cameras - General information;Release date;StringValue;1.0
Comparison_of_Canon_EOS_digital_cameras - General information;Dimensions, WxHxD (mm);IntegerValue;0.9523809523809523
Comparison_of_Canon_EOS_digital_cameras - General information;Max ISO;IntegerValue;0.9866666666666667
Comparison_of_Canon_EOS_digital_cameras - General information;Model;StringValue;1.0
Comparison_of_Canon_EOS_digital_cameras - General information;Autofocus points;IntegerValue;0.9795918367346939
Comparison_of_Canon_EOS_digital_cameras - General information;Viewfinder magnification, coverage;StringValue;1.0
Comparison_of_Canon_EOS_digital_cameras - General information;Weight (kg);RealValue;1.0
Comparison_of_Canon_EOS_digital_cameras - General information;Main Battery;StringValue;0.9848484848484849
Comparison_of_Canon_EOS_digital_cameras - General information;Megapixels;RealValue;0.7346938775510204
Comparison_of_Canon_EOS_digital_cameras - General information;Min ISO;IntegerValue;1.0
Comparison_of_Canon_EOS_digital_cameras - General information;Video;StringValue;0.9827586206896551
Comparison_of_Canon_EOS_digital_cameras - General information;Live view;BooleanValue;0.9387755102040817
Comparison_of_Canon_EOS_digital_cameras - General information;Storage;StringValue;0.7868852459016393
Comparison_of_Canon_EOS_digital_cameras - General information;Sensor format;StringValue;1.0
Comparison_of_Canon_EOS_digital_cameras - General information;Max FPS;IntegerValue;0.5102040816326531
Comparison_of_Chernobyl_and_other_radioactivity_releases - Chernobyl compared with an atomic bomb;Ratio between the release due to the bomb and the ;StringValue;1.0
Comparison_of_Chernobyl_and_other_radioactivity_releases - Chernobyl compared with an atomic bomb;Isotope;StringValue;1.0
Comparison_of_Chernobyl_and_other_radioactivity_releases - Chernobyl compared with an atomic bomb;Products;NA;1.0
Comparison_of_C_Sharp_and_Java - Types ;C#;BooleanValue;0.6521739130434783
Comparison_of_C_Sharp_and_Java - Types ;Java;BooleanValue;0.4838709677419355
Comparison_of_C_Sharp_and_Java - Types ;Data types;StringValue;1.0
Comparison_of_C_Sharp_and_Java - Enumerations ;C#;StringValue;0.8888888888888888
Comparison_of_C_Sharp_and_Java - Enumerations ;Java;StringValue;1.0
Comparison_of_C_Sharp_and_Java - Fields and initialization ;C#;BooleanValue;0.7272727272727273
Comparison_of_C_Sharp_and_Java - Fields and initialization ;Fields and initialization;StringValue;1.0
Comparison_of_C_Sharp_and_Java - Fields and initialization ;Java;BooleanValue;0.8181818181818182
Comparison_of_C_Sharp_and_Java - Methods ;Java;BooleanValue;0.8125
Comparison_of_C_Sharp_and_Java - Methods ;C#;BooleanValue;0.9375
Comparison_of_C_Sharp_and_Java - Methods ;Methods and properties;StringValue;1.0
Comparison_of_C_Sharp_and_Java - Constant/immutable parameters ;C#;NA;1.0
Comparison_of_C_Sharp_and_Java - Constant/immutable parameters ;Java;StringValue;1.0
Comparison_of_C_Sharp_and_Java - Reference (in/out) parameters ;a = 5, b = 20, s = still unchanged;StringValue;1.0
Comparison_of_C_Sharp_and_Java - Reference (in/out) parameters ;Java;StringValue;1.0
Comparison_of_C_Sharp_and_Java - Reference (in/out) parameters ;||;NA;1.0
Comparison_of_C_Sharp_and_Java - Exceptions ;Exceptions;StringValue;1.0
Comparison_of_C_Sharp_and_Java - Exceptions ;C#;BooleanValue;1.0
Comparison_of_C_Sharp_and_Java - Exceptions ;Java;BooleanValue;1.0
Comparison_of_C_Sharp_and_Java - Generics ;Java;BooleanValue;0.8
Comparison_of_C_Sharp_and_Java - Generics ;C#;BooleanValue;0.9
Comparison_of_C_Sharp_and_Java - Generics ;Generics;StringValue;1.0
Comparison_of_C_Sharp_and_Java - Type erasure versus reified generics ;Cannot create an array where the component type is;StringValue;1.0
Comparison_of_C_Sharp_and_Java - Type erasure versus reified generics ;Cannot use primitive types as type parameters; ins;StringValue;1.0
Comparison_of_C_Sharp_and_Java - Type erasure versus reified generics ;Type checks and downcasts are injected into client;StringValue;1.0
Comparison_of_C_Sharp_and_Java - Type erasure versus reified generics ;Generic exceptions are not allowed and a type para;StringValue;1.0
Comparison_of_C_Sharp_and_Java - Type erasure versus reified generics ;Type information is erased during compilation. Spe;StringValue;1.0
Comparison_of_C_Sharp_and_Java - Type erasure versus reified generics ;Cannot create new instances using a type parameter;StringValue;1.0
Comparison_of_C_Sharp_and_Java - Type erasure versus reified generics ;instanceof is not allowed with type parameters or ;StringValue;1.0
Comparison_of_C_Sharp_and_Java - Type erasure versus reified generics ;Reflection cannot be used to construct new generic;StringValue;1.0
Comparison_of_C_Sharp_and_Java - Type erasure versus reified generics ;Type parameters cannot be used in declarations of ;StringValue;1.0
Comparison_of_C_Sharp_and_Java - Type erasure versus reified generics ;Cannot create an array where the component type is;StringValue;1.0
Comparison_of_C_Sharp_and_Java - Type erasure versus reified generics ;There is no class literal for a concrete realizati;StringValue;1.0
Comparison_of_C_Sharp_and_Java - Type erasure versus reified generics ;Java;StringValue;1.0
Comparison_of_C_Sharp_and_Java - Type erasure versus reified generics ;Static members are shared across all generic reali;StringValue;1.0
Comparison_of_C_Sharp_and_Java - Functional programming ;Java;Conditional;0.6666666666666666
Comparison_of_C_Sharp_and_Java - Functional programming ;Functional programming;StringValue;1.0
Comparison_of_C_Sharp_and_Java - Functional programming ;C#;BooleanValue;0.8333333333333334
Comparison_of_C_Sharp_and_Java - Metadata;Named arguments;BooleanValue;1.0
Comparison_of_C_Sharp_and_Java - Metadata;Metadata;StringValue;1.0
Comparison_of_C_Sharp_and_Java - Metadata;Metadata annotations/attributes;StringValue;1.0
Comparison_of_C_Sharp_and_Java - Metadata;Positional arguments;BooleanValue;0.6666666666666666
Comparison_of_C_Sharp_and_Java - Metadata;Conditional metadata;BooleanValue;1.0
Comparison_of_C_Sharp_and_Java - Metadata;Nested types;BooleanValue;1.0
Comparison_of_C_Sharp_and_Java - Metadata;Specialization;BooleanValue;1.0
Comparison_of_C_Sharp_and_Java - Metadata;Default values;StringValue;1.0
Comparison_of_C_Sharp_and_Java - Preprocessing, compilation and packaging ;Explicit regions;BooleanValue;1.0
Comparison_of_C_Sharp_and_Java - Preprocessing, compilation and packaging ;File contents;StringValue;1.0
Comparison_of_C_Sharp_and_Java - Preprocessing, compilation and packaging ;Custom errors/warnings;BooleanValue;0.5
Comparison_of_C_Sharp_and_Java - Preprocessing, compilation and packaging ;Preprocessing, Compilation and Packaging;StringValue;1.0
Comparison_of_C_Sharp_and_Java - Preprocessing, compilation and packaging ;Conditional compilation;BooleanValue;1.0
Comparison_of_C_Sharp_and_Java - Preprocessing, compilation and packaging ;Namespaces;StringValue;1.0
Comparison_of_C_Sharp_and_Java - Preprocessing, compilation and packaging ;Packaging;StringValue;1.0
Comparison_of_C_Sharp_and_Java - Preprocessing, compilation and packaging ;Classes/assembly search path;StringValue;1.0
Comparison_of_C_Sharp_and_Java - Reference types ;Weak reference;BooleanValue;1.0
Comparison_of_C_Sharp_and_Java - Reference types ;Proxy support;Conditional;1.0
Comparison_of_C_Sharp_and_Java - Reference types ;Reference types;StringValue;1.0
Comparison_of_C_Sharp_and_Java - Reference types ;Reference queue (interaction with garbage collecti;BooleanValue;1.0
Comparison_of_C_Sharp_and_Java - Reference types ;Soft and Phantom references;BooleanValue;1.0
Comparison_of_C_Sharp_and_Java - Reference types ;Garbage collection;BooleanValue;1.0
Comparison_of_C_Sharp_and_Java - Threading and asynchronous features ;C#;BooleanValue;0.8333333333333334
Comparison_of_C_Sharp_and_Java - Threading and asynchronous features ;Threading and Synchronization;StringValue;1.0
Comparison_of_C_Sharp_and_Java - Threading and asynchronous features ;Java;BooleanValue;1.0
Comparison_of_C_Sharp_and_Java - Native interoperability ;Address-of;BooleanValue;1.0
Comparison_of_C_Sharp_and_Java - Native interoperability ;Fixed-size buffers;BooleanValue;1.0
Comparison_of_C_Sharp_and_Java - Native interoperability ;Explicit stack allocation;BooleanValue;1.0
Comparison_of_C_Sharp_and_Java - Native interoperability ;Object pinning (fix variable to address);BooleanValue;1.0
Comparison_of_C_Sharp_and_Java - Native interoperability ;Native interoperability;StringValue;1.0
Comparison_of_C_Sharp_and_Java - Native interoperability ;External/native methods;BooleanValue;1.0
Comparison_of_C_Sharp_and_Java - Native interoperability ;Cross-language interoperability;Conditional;1.0
Comparison_of_C_Sharp_and_Java - Native interoperability ;Native types;BooleanValue;1.0
Comparison_of_C_Sharp_and_Java - Native interoperability ;Pointer and arithmetics;BooleanValue;0.6666666666666666
Comparison_of_C_Sharp_and_Java - Native interoperability ;Marshalling;Conditional;0.5
Comparison_of_C_Sharp_and_Java - Platform support ;Platform support;StringValue;1.0
Comparison_of_C_Sharp_and_Java - Platform support ;Java;BooleanValue;0.6875
Comparison_of_C_Sharp_and_Java - Platform support ;C#;StringValue;0.6428571428571429
Comparison_of_C_Sharp_and_Java - Input/output ;Java;StringValue;1.0
Comparison_of_C_Sharp_and_Java - Input/output ;Notes on the Java implementation: Files.readAllBy;StringValue;1.0
Comparison_of_C_Sharp_and_Java - Integration of library defined types ;Java;StringValue;1.0
Comparison_of_C_Sharp_and_Java - C# delegates and equivalent Java constructs ;Java;StringValue;1.0
Comparison_of_C_Sharp_and_Java - Type lifting ;Java;StringValue;1.0
Comparison_of_C_Sharp_and_Java - Interoperability with dynamic languages;Java;StringValue;1.0
Comparison_of_C_Sharp_and_Java - Interoperability with dynamic languages;Notes for the Java implementation: Ruby accessors;StringValue;1.0
Comparison_of_C_Sharp_and_Java - Fibonacci sequence ;Java;StringValue;1.0
Comparison_of_C_Sharp_and_Java - Fibonacci sequence ;Notes for the Java version: The infinite Fibonacc;StringValue;1.0
Comparison_of_C_Sharp_and_Java - Arrays and collections ;Java;BooleanValue;1.0
Comparison_of_C_Sharp_and_Java - Arrays and collections ;C#;BooleanValue;0.9333333333333333
Comparison_of_C_Sharp_and_Java - Arrays and collections ;Arrays and Collections;StringValue;0.9130434782608695
Comparison_of_C_Sharp_and_Java - Arrays and collections ;Java;StringValue;1.0
Comparison_of_C_Sharp_and_Java - Arrays and collections ;Arrays are implicitly direct specializations of Ob;StringValue;1.0
Comparison_of_C_Sharp_and_Java - Arrays and collections ;Arrays and collections are completely separate wit;StringValue;0.8333333333333334
Comparison_of_C_Sharp_and_Java - Arrays and collections ;In both languages arrays are covariant. This means;StringValue;1.0
Comparison_of_C_Sharp_and_Java - Arrays and collections ;Arrays cannot be resized (though use of the System;StringValue;1.0
Comparison_of_C_Sharp_and_Java - Arrays and collections ;The for statement accepts either arrays or Iterabl;StringValue;1.0
Comparison_of_C_Sharp_and_Java - Arrays and collections ;Implemented as a retrofit for the java.util librar;StringValue;1.0
Comparison_of_C_Sharp_and_Java - Arrays and collections ;No multidimensional arrays (rectangular arrays), b;Conditional;0.5
Comparison_of_C_Sharp_and_Java - Arrays and collections ;C#;NA;1.0
Comparison_of_C_Sharp_and_Java - Arrays and collections ;Java;StringValue;1.0
Comparison_of_C_Sharp_and_Java - Expressions and operators ;Java;BooleanValue;0.75
Comparison_of_C_Sharp_and_Java - Expressions and operators ;C#;BooleanValue;0.8333333333333334
Comparison_of_C_Sharp_and_Java - Expressions and operators ;Expressions and operators;StringValue;1.0
Comparison_of_C_Sharp_and_Java - Statements;Statements;StringValue;0.875
Comparison_of_C_Sharp_and_Java - Statements;C#;BooleanValue;1.0
Comparison_of_C_Sharp_and_Java - Statements;Java;BooleanValue;0.875
Comparison_of_C_Sharp_and_Java - Keywords and backward compatibility ;keyword;StringValue;1.0
Comparison_of_C_Sharp_and_Java - Keywords and backward compatibility ;feature, example usage;StringValue;0.9393939393939394
Comparison_of_C_Sharp_and_Java - Object orientation programming ;Java;BooleanValue;0.65
Comparison_of_C_Sharp_and_Java - Object orientation programming ;C#;BooleanValue;0.7222222222222222
Comparison_of_C_Sharp_and_Java - Object orientation programming ;Object orientation;StringValue;1.0
Comparison_of_C_Sharp_and_Visual_Basic_.NET - Comments;C#;NA;1.0
Comparison_of_C_Sharp_and_Visual_Basic_.NET - Comments;Visual Basic .NET;StringValue;1.0
Comparison_of_C_Sharp_and_Visual_Basic_.NET - Conditionals;C#;StringValue;1.0
Comparison_of_C_Sharp_and_Visual_Basic_.NET - Loops;C#;StringValue;1.0
Comparison_of_C_Sharp_and_Visual_Basic_.NET - Primitive types;C#;StringValue;1.0
Comparison_of_C_Sharp_and_Visual_Basic_.NET - Primitive types;Or:;StringValue;1.0
Comparison_of_C_Sharp_and_Visual_Basic_.NET - Object types;C#;StringValue;1.0
Comparison_between_Esperanto_and_Novial - Alphabet and pronunciation;IPA;StringValue;1.0
Comparison_between_Esperanto_and_Novial - Alphabet and pronunciation;Novial;StringValue;0.9861111111111112
Comparison_between_Esperanto_and_Novial - Alphabet and pronunciation;Esperanto;StringValue;1.0
Comparison_between_Esperanto_and_Interlingua - Grammar and word formation ;Esperanto;StringValue;1.0
Comparison_between_Esperanto_and_Interlingua - Grammar and word formation ;English;StringValue;1.0
Comparison_between_Esperanto_and_Interlingua - Grammar and word formation ;Interlingua;StringValue;1.0
Comparison_between_Argentine_provinces_and_countries_by_GDP_(PPP)_per_capita;Rank;IntegerValue;1.0
Comparison_between_Argentine_provinces_and_countries_by_GDP_(PPP)_per_capita;Intl. $;IntegerValue;1.0
Comparison_between_Argentine_provinces_and_countries_by_GDP_(PPP)_per_capita;Country and (Argentine provinces);StringValue;0.9953488372093023
Comparison_between_Esperanto_and_Ido - Vocabulary;bufalo;NA;1.0
Comparison_between_Esperanto_and_Ido - Vocabulary;Esperanto;StringValue;1.0
Comparison_between_Esperanto_and_Ido - Vocabulary;English;StringValue;1.0
Comparison_between_Esperanto_and_Ido - Vocabulary;Ido;StringValue;0.9375
Comparison_between_Esperanto_and_Ido - Vocabulary;German;StringValue;1.0
Comparison_between_Esperanto_and_Ido - Vocabulary;búfalo;NA;1.0
Comparison_between_Esperanto_and_Ido - Vocabulary;buffalo;NA;1.0
Comparison_between_Esperanto_and_Ido - Vocabulary;Portuguese;StringValue;1.0
Comparison_between_Esperanto_and_Ido - Vocabulary;Büffel;NA;1.0
Comparison_between_Esperanto_and_Ido - Vocabulary;lernejoalo;NA;1.0
Comparison_between_Esperanto_and_Ido - Vocabulary;Italian;StringValue;0.9411764705882353
Comparison_between_Esperanto_and_Ido - Vocabulary;Spanish;StringValue;1.0
Comparison_between_Esperanto_and_Ido - Vocabulary;French;StringValue;1.0
Comparison_between_Esperanto_and_Ido - Vocabulary;buffle;NA;1.0
Comparison_between_Esperanto_and_Ido - Morphology;English;NA;1.0
Comparison_between_Esperanto_and_Ido - Morphology;Esperanto;NA;1.0
Comparison_between_Esperanto_and_Ido - Morphology;Ido;NA;1.0
Comparison_between_Esperanto_and_Ido - Morphology;Grammatical form;NA;1.0
Comparison_between_Esperanto_and_Ido - Correlatives;Reason;NA;1.0
Comparison_between_Esperanto_and_Ido - Correlatives;Thing;NA;1.0
Comparison_between_Esperanto_and_Ido - Correlatives;Association;NA;1.0
Comparison_between_Esperanto_and_Ido - Correlatives;Quality;NA;1.0
Comparison_between_Esperanto_and_Ido - Correlatives;Place;NA;1.0
Comparison_between_Esperanto_and_Ido - Correlatives;Individual;NA;1.0
Comparison_between_Esperanto_and_Ido - Correlatives;Amount;NA;1.0
Comparison_between_Esperanto_and_Ido - Correlatives;Manner;NA;1.0
Comparison_between_Esperanto_and_Ido - Correlatives;Time;NA;1.0
Comparison_between_Esperanto_and_Ido - Pronouns ;English;NA;1.0
Comparison_between_Esperanto_and_Ido - Pronouns ;Esperanto;NA;1.0
Comparison_between_Esperanto_and_Ido - Pronouns ;Ido;NA;1.0
Comparison_between_Esperanto_and_Interlingua - Sample text: the ;Nian panon ĉiutagan donu al ni hodiaŭ.;StringValue;1.0
Comparison_between_Esperanto_and_Interlingua - Sample text: the ;kiel ankaŭ ni pardonas al niaj ŝuldantoj.;StringValue;1.0
Comparison_between_Esperanto_and_Interlingua - Sample text: the ;Kaj pardonu al ni niajn ŝuldojn,;StringValue;1.0
Comparison_between_Esperanto_and_Interlingua - Sample text: the ;Patro Nia, kiu estas en la ĉielo,;StringValue;1.0
Comparison_between_Esperanto_and_Interlingua - Sample text: the ;Esperanto;StringValue;0.6666666666666666
Comparison_between_Esperanto_and_Interlingua - Sample text: the ;sed liberigu nin de la malbono.;StringValue;1.0
Comparison_between_Esperanto_and_Interlingua - Sample text: the ;Kaj ne konduku nin en tenton,;StringValue;1.0
Comparison_between_Esperanto_and_Interlingua - Sample text: the ;kiel en la ĉielo, tiel ankaŭ sur la tero.;StringValue;1.0
Comparison_between_Esperanto_and_Interlingua - Sample text: the ;plenumiĝu via volo,;StringValue;1.0
Comparison_between_Esperanto_and_Interlingua - Sample text: the ;Amen.;StringValue;1.0
Comparison_between_Esperanto_and_Interlingua - Sample text: the ;Venu via regno,;StringValue;1.0
Comparison_between_Esperanto_and_Interlingua - Sample text: the ;via nomo estu sanktigita.;StringValue;1.0
Comparison_between_Esperanto_and_Ido - Samples;Spanish Padre Nuestro que estás en el cielo, sant;NA;1.0
Comparison_between_Esperanto_and_Ido - Samples;Esperanto Patro nia, kiu estas en la ĉielo, Via n;NA;1.0
Comparison_between_Esperanto_and_Ido - Samples;Ido Patro nia, qua esas en la cielo, tua nomo san;NA;1.0
Comparison_between_Esperanto_and_Ido - Samples;English Our Father in heaven, hallowed be your na;NA;1.0
Comparison_(grammar) - Comparison in English;well;NA;1.0
Comparison_(grammar) - Comparison in English;good;NA;1.0
Comparison_(grammar) - Comparison in English;bad;NA;1.0
Comparison_(grammar) - Comparison in English;far;NA;1.0
Comparison_(grammar) - Comparison in English;Positive;NA;1.0
Comparison_(grammar) - Comparison in English;little;NA;1.0
Comparison_(grammar) - Comparison in English;ill;NA;1.0
Comparison_(grammar) - Comparison in English;many, much;NA;1.0
